"1","0.00103099","0.0257048","-0.00535295"
"1","0.00028531","0.0587279","-0.00705737"
"1","0.00028531","-0.0381045","-0.0051399"
"1","-0.00237785","-0.0486506","0.00039947"
"1","-0.0246419","0.00961928","0.0361923"
"1","-0.00568017","-0.0208473","0.0165915"
"1","0.00593121","0.00131022","-0.0265517"
"1","0.0171165","0.00269507","-0.0260191"
"1","0.00465289","0.0367835","-0.0211188"
"1","-0.000566901","-0.025854","0.00593884"
"1","-0.0216591","-0.0141361","0.0339553"
"1","-0.00972817","0.00759528","0.0324639"
"1","0.00475942","-0.000820303","-0.0193079"
"1","0.0226558","-0.0149883","-0.127219"
"1","0.00380068","0.0226155","-0.00205064"
"1","0.00113752","0.0253852","0.0721982"
"1","-0.0082368","-0.0397024","0.0236222"
"1","-0.0231505","-0.00337693","0.0433296"
"1","-0.00450838","-0.0134969","0.00561926"
"1","0.0159447","0.00621044","-0.0393349"
"1","0.0117902","0.0415772","-0.0162186"
"1","0.00156363","0.0440273","0.00263652"
"1","-0.00557364","-0.00667925","0.000186418"
"1","-0.0124979","-0.0546161","0.0131826"
"1","-0.0147349","0.00386686","0.0466319"
"1","0.00625079","0.00482559","-0.0275104"
"1","0.0173295","-0.0265997","-0.0288953"
"1","0.00252236","0.0143064","-0.0031159"
"1","0.00177668","-0.000607249","-0.00258327"
"1","-0.00131259","0.0537212","0.00327568"
"1","-0.000566901","-7.46179e-05","-0.000346214"
"1","-0.000566901","-0.000394197","-0.000346214"
"1","-0.000566901","-0.000926829","-0.000559266"
"1","-0.000140795","-0.00060725","-0.000133161"
"1","-0.000566901","-0.000926829","7.98918e-05"
"1","-0.000779953","-0.000181144","0.000186418"
"1","-0.000460375","0.00109717","-0.000346214"
"1","-0.00088648","-0.000394197","-2.66345e-05"
"1","-0.000779954","-0.00167251","7.98916e-05"
"1","0.0014571","0.044773","-0.0112119"
"1","0.00358763","0.0122824","-0.00833569"
"1","-0.00599974","-0.015947","0.00796284"
"1","-0.0180372","-0.027878","0.0293746"
"1","-0.00482795","0.0314572","0.0104129"
"1","0.00412026","-0.0486506","-0.0150469"
"1","0.0157316","0.00184286","-0.0201601"
"1","0.00369415","0.0796071","-0.0100401"
"1","-0.00376269","-0.0291563","0.00508663"
"1","-0.0180372","-0.0247887","0.026818"
"1","-0.00653238","0.0159043","0.0220243"
"1","0.00475942","-0.0645231","-0.0553138"
"1","0.0134946","-0.0115795","0.0201068"
"1","0.00657036","0.102617","-0.0169643"
"1","-0.00504101","-0.0117925","0.00551274"
"1","-0.00940859","-0.0193559","0.0122239"
"1","0.00358763","-0.0616468","0.081253"
"1","-0.682549","-0.096481","0.103837"
"1","-0.405154","0.0496732","-0.209777"
"1","-0.269972","0.721322","-0.179204"
"1","-0.137666","-0.0678254","-0.0528637"
"1","-0.209891","-1.01751","0.0446079"
"1","0.157092","0.481744","-0.235876"
"1","-0.0976124","-0.222289","0.242853"
"1","-0.184751","-0.629858","0.82779"
"1","1.60638","0.975068","-0.437104"
"1","0.133017","-0.104151","-0.0979244"
"1","-0.00248438","0.0196328","0.181388"
"1","-0.0205939","0.0401923","-0.146713"
"1","0.0187144","-0.0526986","-0.0226102"
"1","0.0177556","0.0106845","-0.0275104"
"1","0.00401373","0.0183544","-0.00631169"
"1","-0.00173869","0.0185675","0.00529968"
"1","-0.0112195","-0.0281976","0.00647147"
"1","-0.0173981","-0.00721188","0.0423709"
"1","-0.0021648","0.0072757","-0.000665792"
"1","0.00880742","-0.0264932","-0.0300671"
"1","0.0153055","0.0176088","-0.0200536"
"1","0.00497247","0.0512711","0.000719049"
"1","-0.00557364","-0.0288367","0.000932102"
"1","-0.0176111","0.00631696","0.0219178"
"1","-0.00876943","0.0143064","0.0337422"
"1","0.00742258","0.0104715","-0.027617"
"1","0.0187144","-0.0430047","-0.0294279"
"1","0.00390721","0.00919317","-0.00599211"
"1","-0.0021648","0.0169696","0.00551274"
"1","-0.0127109","-0.0371458","0.01265"
"1","-0.011113","-0.00785104","0.0275637"
"1","-0.00184522","0.0112172","0.00540621"
"1","0.0125358","-0.0386372","-0.0329433"
"1","0.0120032","0.0347595","-0.0349673"
"1","7.22567e-05","0.0525494","0.020746"
"1","-0.00386922","-0.0265997","-0.00173106"
"1","-0.0163328","-0.00316388","0.0257527"
"1","-0.00610627","-0.0141361","0.0213852"
"1","0.00518552","-0.00710536","-0.019521"
"1","0.0142403","-0.0123251","-0.0186687"
"1","0.00454636","0.0336942","-0.0139816"
"1","0.00156363","0.073109","0.00338221"
"1","-0.00536059","-0.058238","-0.000878845"
"1","-0.0132435","-0.046094","0.0154197"
"1","-0.0109","-0.0185037","0.0296942"
"1","-0.000353848","0.0113237","-0.00258327"
"1","0.0122163","-0.00188557","-0.0325172"
"1","0.0206318","0.0138803","-0.278806"
"1","-0.00482796","0.0110041","0.252867"
"1","-0.00141911","-0.000607249","-0.0260191"
"1","-0.00237785","0.0129216","-0.0392283"
"1","-0.00280395","0.00748875","0.0761397"
"1","-0.000886481","-0.00145946","-0.000239687"
"1","0.000178784","3.19084e-05","-0.000346214"
"1","-0.000673427","0.000458014","-2.66345e-05"
"1","-0.000353848","0.00056454","-0.000133161"
"1","-0.000673427","-0.000926829","-0.000346214"
"1","-0.00109953","-0.00124641","0.000186418"
"1","0.00273542","0.00610391","-0.0216515"
"1","-0.0193155","0.0299658","0.0257527"
"1","-0.0046149","-0.0288367","-0.125515"
"1","0.00561163","0.0191001","0.0657001"
"1","0.00603773","-0.040022","-0.193159"
"1","0.00731605","0.0173957","0.232947"
"1","0.00412026","0.00653002","0.00817589"
"1","-0.00269743","-0.00561399","-0.00343548"
"1","-0.0176111","-0.0455614","-0.0542485"
"1","-0.00472143","-0.0111534","0.0963797"
"1","0.00135057","0.0426424","-0.0130229"
"1","0.0141337","0.0199523","-0.0170709"
"1","0.00454636","-0.00934241","-0.0161121"
"1","-0.00472143","0.0544669","0.0156327"
"1","-0.018996","-0.0783715","0.152945"
"1","-0.0082368","0.010578","-0.0941959"
"1","0.007103","0.0187805","-0.0299605"
"1","0.0157316","0.00173633","-0.0284692"
"1","0.00816826","-0.0270258","-0.0615989"
"1","-0.00397574","-0.0285172","0.0562193"
"1","-0.0172915","0.0136673","0.0271376"
"1","-0.0127109","0.0180349","0.0478037"
"1","0.00667689","-0.00337693","-0.0380565"
"1","0.0167969","0.0214437","-0.035926"
"1","0.00465289","-0.0225517","-0.0341151"
"1","-0.000673427","0.0226155","0.0316117"
"1","-0.0164393","0.030605","0.0178698"
"1","-0.0130305","-0.070382","0.0717721"
"1","-0.000673427","0.0280483","-0.0392283"
"1","0.0149859","-0.00785104","-0.041785"
"1","0.0105118","-0.0236169","-0.0643686"
"1","0.00241584","0.0107911","0.00306263"
"1","-0.0066389","0.0147325","0.0538757"
"1","-0.0204873","-0.0284106","0.0335292"
"1","-0.00706501","0.0433881","0.0159523"
"1","0.00667689","-0.0115795","-0.029854"
"1","0.0165838","-0.01371","-0.0228233"
"1","0.00273542","-0.0185037","0.0122239"
"1","-0.00141911","0.0237873","-0.0107858"
"1","-0.0166524","-0.0141361","0.0163784"
"1","-0.0112195","0.00759528","0.0372576"
"1","0.00433331","0.0147325","-0.0200536"
"1","0.0203123","-0.0381045","-0.103038"
"1","0.00220278","0.00226896","0.00551273"
"1","-0.000460375","0.0290071","0.0709199"
"1","-0.000779954","-0.0448157","-0.0396544"
"1","-0.0256006","0.0163304","0.0763528"
"1","-0.00525406","0.0405119","0.0101999"
"1","0.0115771","-0.0686776","-0.118484"
"1","0.0181817","0.0268766","-0.0588292"
"1","-3.42687e-05","0.00940623","0.0959536"
"1","-0.00482796","-0.00582704","0.0233026"
"1","-0.0207004","0.0147325","0.0360858"
"1","-0.00844985","-0.0148818","0.0174437"
"1","0.00603773","0.0269831","-0.0262321"
"1","0.0178622","-0.0335239","-0.0614923"
"1","0.00294847","0.0362509","0.0341683"
"1","-0.00312353","-0.00401609","-0.000133161"
"1","-0.014948","-0.0489702","0.0180828"
"1","-0.0109","0.0381683","0.0312921"
"1","0.00358763","0.0153717","-0.0145142"
"1","0.017223","-0.000500724","-0.0341151"
"1","0.00284194","-0.0190363","-0.00332895"
"1","0.000924468","0.00248201","0.00370179"
"1","-0.00450837","-0.0124317","-0.00332895"
"1","-0.019209","-0.00742494","0.0304399"
"1","-0.00994122","0.0263439","0.0322508"
"1","0.007103","-0.0064662","-0.0292149"
"1","0.0157316","-0.0323521","-0.0268713"
"1","0.00412026","0.00780833","-0.0218645"
"1","-0.000886479","0.0215502","0.0176567"
"1","-0.0144153","-0.0336304","0.0257527"
"1","-0.0163328","0.0289006","0.0746483"
"1","0.00412026","0.0283679","-0.0664991"
"1","0.0183948","-0.0619664","-0.0321976"
"1","0.00380068","0.0230416","-0.00769653"
"1","-0.0041888","0.0397662","0.00785632"
"1","-0.0109","-0.0273454","0.00561926"
"1","-0.0196351","0.000458014","0.0489755"
"1","-0.00120606","0.00876707","-0.00268979"
"1","0.0117902","-0.0577054","-0.0430633"
"1","0.0141337","0.0451991","-0.0193079"
"1","0.0014571","0.0378488","0.00210389"
"1","-0.00386922","-0.0210603","-0.00226369"
"1","-0.0211265","-0.0165862","0.0335292"
"1","-0.00759764","-0.00422915","0.0351271"
"1","0.00699647","-0.0188233","-0.0408262"
"1","0.0189274","-0.0203146","-0.0362456"
"1","0.000711415","0.0347595","0.00370179"
"1","-0.00195174","-0.0221256","0.00135821"
"1","-0.016972","0.0314572","0.0179763"
"1","-0.013137","0.0102584","0.0353401"
"1","0.00177668","-0.00327041","-0.0091879"
"1","0.0206318","-0.0364001","-0.0443416"
"1","0.00401373","0.000990645","-0.00460727"
"1","-0.00195174","0.0319898","0.006578"
"1","-0.00962164","0.00418644","0.00508663"
"1","-0.0203808","-0.00316388","0.0451405"
"1","-0.00131259","-0.0124317","0.00327568"
"1","0.0114706","-0.0268127","-0.0405066"
"1","0.0169034","0.00269507","-0.049881"
"1","-0.00141911","-0.00337693","0.036725"
"1","-0.00557364","-0.00838367","-0.00439422"
"1","-0.0166524","0.0289006","0.0238353"
"1","-0.0106869","0.00461254","0.0295877"
"1","0.00614426","-0.0219125","-0.0292149"
"1","0.0157316","-0.0100881","-0.0297475"
"1","0.00454636","-0.0239365","-0.055953"
"1","-0.00248438","0.0221894","0.0593085"
"1","-0.0199547","-0.00593357","0.122479"
"1","-0.0123913","0.038914","-0.0424241"
"1","0.00358763","0.000671066","-0.0381631"
"1","0.0213775","-0.0324586","-0.0418915"
"1","0.000924468","-0.00678578","0.00412789"
"1","0.00337457","0.0156913","-0.00780306"
"1","-0.00546711","0.0276222","-0.00045274"
"1","-0.0201677","-0.00721188","0.0353401"
"1","-0.00685195","-0.00273778","0.0202134"
"1","0.00103099","-0.0293694","-0.0118511"
"1","0.0221232","-0.011686","-0.0449808"
"1","0.00124405","-0.0165862","-0.0113184"
"1","0.00262889","0.0278353","0.0111586"
"1","-0.00408227","0.0277288","-0.00482032"
"1","-0.0247484","-0.00604009","0.0501473"
"1","-0.00269743","-0.0455614","0.0462058"
"1","0.00720952","0.042962","-0.0698014"
"1","0.00667689","-0.120876","-0.203385"
"1","-0.00152564","0.0279152","-0.000665795"
"1","-0.016466","0.0177685","0.0198805"
"1","-0.0110597","-0.00920925","0.0347675"
"1","-7.42164e-05","0.00631696","-0.00517985"
"1","0.0127089","-0.0386372","-0.0362589"
"1","0.0132948","0.00330759","-0.0171241"
"1","0.00119078","0.000551223","0.00782968"
"1","-0.00338985","-0.00496151","-0.00954743"
"1","-0.0182236","-0.00605341","0.025846"
"1","-0.0108733","0.0335744","0.0355532"
"1","5.67827e-06","0.00527833","-0.00466053"
"1","0.0104186","-0.0254412","-0.0353002"
"1","0.0150259","0.000897435","-0.0232361"
"1","0.00210957","0.00364049","0.00339552"
"1","-0.00414885","-0.0125782","-0.00255664"
"1","-0.0212996","0.0364373","0.0317715"
"1","-0.00858301","-0.0191428","0.0254198"
"1","0.00453305","0.0409247","-0.0253533"
"1","0.0158248","-0.0818469","-0.0253"
"1","0.0037341","0.01412","-0.00600543"
"1","0.00194978","0.00214912","-0.00243679"
"1","-0.00312353","0.01922","0.00125168"
"1","-0.0198748","-0.0083171","0.0331563"
"1","-0.00576006","0.0289804","0.0164849"
"1","0.00846121","-0.0130975","-0.0273506"
"1","0.0150658","-0.0261603","-0.018762"
"1","0.00264221","-0.00180567","0.00258326"
"1","-0.013936","0.0111639","0.0259125"
"1","0.00390721","-0.0254279","-0.0176035"
"1","0.00918026","0.00892686","-0.00593884"
"1","-0.0116456","0.0116965","0.0103064"
"1","-0.00205827","-0.00604009","0.003542"
"1","0.0109912","-0.00353672","-0.0184557"
"1","-0.00887595","-0.012911","0.0104662"
"1","-0.00653238","0.023521","0.0159523"
"1","0.0136544","-0.0194624","-0.0304932"
"1","-0.00147238","0.00658328","0.00402137"
"1","-0.0130837","0.00578433","0.0304399"
"1","0.00790194","0.0026418","-0.0267647"
"1","0.006091","-0.000713776","-0.00641822"
"1","-0.01596","-0.00715862","0.0593085"
"1","0.00369415","0.0141467","-0.0481233"
"1","0.00822152","-0.00263125","-0.0104662"
"1","-0.012924","-0.0054542","0.0333161"
"1","0.00832805","8.51717e-05","-0.0303334"
"1","0.00470615","0.0105248","-0.00439422"
"1","-0.0132435","-0.00316388","0.0217047"
"1","0.00204299","-0.0115795","-0.0107325"
"1","0.0113641","0.033854","0.00386158"
"1","-0.0114859","-0.0216995","-0.00247674"
"1","-0.0015789","0.00258854","0.00492684"
"1","0.0112575","-0.00513462","-0.0178165"
"1","-0.00818354","-0.00268451","0.00716389"
"1","-0.00642585","-0.00380304","0.0189883"
"1","0.0196865","-0.0431085","-0.0644029"
"1","0.00468313","0.0356526","0.0269799"
"1","0.000591467","0.0195768","0.00286692"
"1","-0.00713504","-0.012458","0.00104262"
"1","-0.0196632","0.00809422","0.0431132"
"1","-0.00314559","-0.0133795","0.0114543"
"1","0.00696366","0.00251431","-0.031582"
"1","0.0198811","-0.0318395","-0.030344"
"1","0.00256557","0.0141564","0.00142935"
"1","-0.00046358","-0.00174254","-0.00103851"
"1","-0.0174465","-0.0009518","0.0211271"
"1","-0.0101957","-0.00135773","0.0306059"
"1","0.00188407","-0.015222","-0.0121089"
"1","0.0125911","-0.0463798","-0.140242"
"1","0.012092","0.0835212","0.0758525"
"1","-0.00061755","-0.00549037","0.0254336"
"1","-0.0103645","0.00204878","-0.0692192"
"1","-0.0157127","0.00888821","0.0360545"
"1","-0.00330393","0.00338511","0.0583463"
"1","0.00746803","-0.00495961","-0.0264281"
"1","0.0146117","-0.0412332","-0.0247907"
"1","0.00451041","0.0164015","0.00210308"
"1","-0.0016262","-0.019164","-0.00515012"
"1","-0.0158928","0.0195146","0.021293"
"1","-0.0124786","0.0063632","0.0391655"
"1","0.00343124","-0.0193162","-0.0197235"
"1","0.0229853","0.016097","-0.0435227"
"1","0.00286314","-0.0123231","-0.00134629"
"1","0.00297098","0.00869384","0.00160432"
"1","-0.0103731","0.0181328","0.00618682"
"1","-0.0184775","-0.0164509","0.0434675"
"1","-0.00287948","0.00520087","0.0115652"
"1","0.0107122","-0.0415739","-0.0421231"
"1","0.0180948","-0.00254908","-0.0357687"
"1","0.0027289","0.0181764","0.0215349"
"1","-0.00252399","-0.00488995","-0.00421849"
"1","-0.0207935","0.0406855","0.0356232"
"1","-0.00643545","-0.015817","0.0207861"
"1","0.00829882","0.00454582","-0.0339003"
"1","0.0195716","-0.0362078","-0.0450283"
"1","0.00138331","0.0198135","0.0223966"
"1","-0.00449226","0.0110559","-0.0021164"
"1","-0.0209613","0.00673645","0.0386747"
"1","-0.00674962","0.0108951","0.0185102"
"1","0.00813663","-0.0135067","-0.031585"
"1","0.0178368","-0.0253626","-0.0320336"
"1","0.000358621","-0.0123218","0.0146682"
"1","-0.00263766","0.00925918","-0.000221438"
"1","-0.0193502","0.041171","0.0253435"
"1","-0.00932453","0.00779975","0.0334575"
"1","0.0054566","-0.0134991","-0.0239588"
"1","0.018751","-0.0393177","-0.0367943"
"1","0.00523609","0.0299231","-0.00315525"
"1","-0.00279877","0.000708179","0.000844523"
"1","-0.0165163","-0.0519094","0.113994"
"1","-0.0107535","0.0392234","-0.0327357"
"1","0.00843438","0.00117921","-0.0391016"
"1","0.0168655","-0.0281114","-0.0470531"
"1","0.00209944","0.0106587","0.0200686"
"1","0.000225986","0.00812888","0.00414606"
"1","-0.0140636","-0.0135995","0.0127457"
"1","-0.0144404","0.00511733","0.081278"
"1","0.000655064","0.0482759","-0.0670417"
"1","0.0199498","-0.0156947","-0.0429807"
"1","0.00195881","-0.00894723","0.00513398"
"1","0.00422503","-0.0268363","-0.00809769"
"1","-0.0034217","-0.0229814","-0.00200867"
"1","-0.0226277","-0.00124688","0.100611"
"1","-0.00543391","0.0072898","-0.0561356"
"1","0.00974068","0.00339899","-0.0355329"
"1","0.0169932","0.0155706","-0.0251473"
"1","0.00468552","0.0515286","0.00290336"
"1","-0.00803841","-0.0539289","0.0063293"
"1","-0.0162419","0.00206835","0.0308772"
"1","-0.00754677","0.0280479","0.025804"
"1","0.00693636","0.00713268","-0.031413"
"1","0.0196233","-0.0197717","-0.0298474"
"1","0.00572591","0.0309737","-0.00402893"
"1","-0.00517625","-0.0275164","0.00351013"
"1","-0.0158482","0.0137056","0.0320465"
"1","-0.00881816","-0.00119639","0.0306325"
"1","0.00756786","0.0072512","-0.0272897"
"1","0.0192494","-0.015198","-0.0348163"
"1","0.00414787","-0.0321147","-0.0428463"
"1","-0.00301032","0.00246816","0.0140642"
"1","-0.0199841","0.0212455","0.0809189"
"1","-0.00873824","0.00756449","0.125629"
"1","0.00818135","-0.0129552","-0.13257"
"1","0.0159021","-0.0191453","-0.0339189"
"1","0.00275849","0.0247057","0.0287454"
"1","-0.00328628","-0.00799641","-0.00648432"
"1","-0.0184498","-0.0100244","0.0115267"
"1","-0.00931933","0.0174688","0.0331013"
"1","0.00738415","0.0030868","-0.0252695"
"1","0.0157832","-0.0228731","-0.0352633"
"1","0.00668405","0.0253949","-0.00318932"
"1","-0.00243824","-0.0172002","0.00676882"
"1","-0.0147096","0.00318947","0.0139718"
"1","-0.0130935","0.010955","0.0340149"
"1","-0.00136905","-0.00967711","0.00399648"
"1","0.017607","0.0139585","-0.0460264"
"1","0.0100367","-0.039665","-0.0159843"
"1","0.000164647","0.0109532","0.00739305"
"1","-0.012039","-0.0103985","0.0138457"
"1","-0.0182232","0.0155466","0.0426409"
"1","-0.00133971","-0.0115874","0.00231729"
"1","0.0123318","-0.00304214","-0.0401825"
"1","0.013494","-0.0249667","-0.0213938"
"1","0.00162379","0.019568","0.00756127"
"1","-0.00615081","-0.017218","0.00599041"
"1","-0.0176211","0.00938871","0.0228116"
"1","-0.00973487","0.0128404","0.029442"
"1","0.0051577","-0.00224851","-0.0206751"
"1","0.021463","-0.0347398","-0.0377253"
"1","0.00370661","-0.00281516","0.00518558"
"1","0.00038817","0.0261627","-0.00485374"
"1","-0.00590975","-0.00399192","0.00241483"
"1","-0.0203151","0.0231191","0.035082"
"1","-0.00607293","-0.0197514","0.0198069"
"1","0.00965219","-0.0170168","-0.0372489"
"1","0.0151703","0.0222473","-0.0229384"
"1","0.0045993","0.0255106","0.000454043"
"1","-0.00474934","-0.0532824","0.00158351"
"1","-0.018701","0.0178343","0.0259334"
"1","-0.00929902","0.0181252","0.031594"
"1","0.00612199","-0.0286463","-0.02498"
"1","0.0179069","-0.00982168","-0.0324993"
"1","0.00465491","-0.00839276","-0.0232568"
"1","0.00113357","0.00936162","0.00960556"
"1","-0.0118163","0.0135014","0.0126397"
"1","-0.0178278","0.00238469","0.105847"
"1","-0.0014478","-0.00626408","-0.0770793"
"1","0.0214737","-0.0268716","-0.0439367"
"1","0.000920762","-0.0141826","0.000379534"
"1","0.00353552","0.0406362","-0.00149781"
"1","-0.00569377","0.0196722","-0.000146821"
"1","-0.0162318","-0.0220924","0.0289563"
"1","-0.00919616","0.0211683","0.0270492"
"1","0.00513501","-0.00150755","-0.0295901"
"1","0.0196931","0.0130638","-0.0307915"
"1","0.00126909","-0.0174234","0.00854225"
"1","0.00396004","0.00373216","-0.00329032"
"1","-0.00315216","-0.01322","-0.00512705"
"1","-0.0229801","0.00555243","0.0426801"
"1","-0.00454714","-9.69372e-05","0.013078"
"1","0.0160707","-0.0108291","-0.0422092"
"1","0.0109642","-0.00629376","-0.00885547"
"1","0.00145256","0.00742666","0.0103932"
"1","-0.00358406","-0.00990214","-0.010939"
"1","-0.0212941","0.0233929","0.0369873"
"1","-0.00638856","-0.000522395","0.0235897"
"1","0.00623415","-0.0174437","-0.0284539"
"1","0.0147046","0.000103358","-0.0260788"
"1","0.00337081","0.00925334","0.00497095"
"1","-0.00378311","-0.00912913","-0.00225743"
"1","-0.0139861","0.0214651","0.0185599"
"1","-0.00789371","-0.0343547","0.030096"
"1","0.00535909","0.0102224","-0.0222986"
"1","0.0171824","-0.0473046","-0.0256152"
"1","0.00231584","0.024786","0.00888419"
"1","0.00334005","0.0296302","0.0106334"
"1","-0.00905358","-0.0151347","-0.020059"
"1","-0.0200176","0.0206341","0.0425941"
"1","-0.00245801","-0.0137342","0.00750441"
"1","0.00729583","-0.000668981","-0.0310499"
"1","0.0180056","0.00283759","-0.0240371"
"1","0.0036066","0.0321144","0.00859565"
"1","-0.00253023","-0.0490688","-0.00625952"
"1","-0.0194529","0.028671","0.0275994"
"1","-0.00815279","0.00876897","0.029866"
"1","0.00629303","-0.0355044","-0.0339433"
"1","0.0161481","-0.0150908","-0.0216273"
"1","0.00311014","0.000931666","0.00425279"
"1","-0.00184227","-0.00619015","-0.00569423"
"1","-0.0191546","0.0340828","0.033072"
"1","-0.00583895","0.0302764","0.0146429"
"1","0.0115187","-0.0382998","-0.0363876"
"1","0.0124392","0.00847078","-0.0144131"
"1","0.00240733","0.000325417","0.00234235"
"1","-0.00287263","-0.0225111","-0.00234232"
"1","-0.0233473","-0.00299451","0.0930997"
"1","-0.00473715","0.00315605","-0.0211996"
"1","0.00867477","0.0208184","-0.0363309"
"1","0.0139601","0.0243987","-0.0218529"
"1","0.00417205","-0.014961","0.00159041"
"1","-0.00258797","-0.0215355","-0.00254547"
"1","-0.0153123","-0.020099","0.0190625"
"1","-0.0122882","-0.00595994","0.056772"
"1","-0.000423739","0.0349514","-0.0307979"
"1","0.0165085","-0.0119116","-0.0412703"
"1","0.00674483","0.0100624","-0.0054838"
"1","0.00131674","-0.0106975","0.0052821"
"1","-0.00451942","0.00888319","-0.0076084"
"1","-0.0198907","0.0168012","0.0779022"
"1","-0.00556548","0.0205268","-0.0270522"
"1","0.0061128","-0.0410853","-0.0281463"
"1","0.0192559","0.0232598","-0.0337262"
"1","0.00404252","-0.000924387","0.0021963"
"1","0.000579283","-0.000769655","-0.00839855"
"1","-0.0205323","-0.0179327","0.0500065"
"1","-0.0145933","0.0404484","0.0549309"
"1","0.00265669","0.00685358","-0.0437846"
"1","0.0163425","-0.0538925","-0.0368199"
"1","0.00742757","-0.00828508","0.00728774"
"1","0.00556378","0.0265954","-0.0221299"
"1","-0.00274603","-0.029116","-0.00489504"
"1","-0.027204","0.00541755","0.0662799"
"1","-0.00573075","0.0270819","-0.00770119"
"1","0.00749029","-0.000138212","-0.0301734"
"1","0.0145443","0.0234416","-0.0276475"
"1","0.00444336","-0.00721714","-0.000671483"
"1","-0.00225587","0.0190035","-0.00169229"
"1","-0.012722","-0.0230032","0.0137693"
"1","-0.0133435","0.00584377","0.0366845"
"1","-0.000354995","0.0185799","0.00159333"
"1","0.0110245","0.0030728","-0.035425"
"1","0.0119295","-0.00937388","-0.00834256"
"1","0.00372062","-0.027694","-0.00382644"
"1","-0.00164045","-0.0118048","-0.00714"
"1","-0.0185537","0.0230607","0.0309529"
"1","-0.0098797","0.0135689","0.0325718"
"1","0.0072234","0.0132951","-0.030552"
"1","0.0162129","0.011614","-0.0278722"
"1","0.00586918","-0.0293444","-0.00745348"
"1","-0.001394","-0.0160241","-0.000546757"
"1","-0.020322","0.0347338","0.0239631"
"1","-0.00987301","0.00484022","0.035705"
"1","0.00187793","0.0159028","-0.0129119"
"1","0.0145722","-0.00905511","-0.0356309"
"1","0.00717527","-0.0353002","-0.00180305"
"1","0.00232537","0.00680462","-0.0035477"
"1","-0.00643698","0.00317463","0.00076989"
"1","-0.0193824","0.0102707","0.0468606"
"1","-0.00628772","0.0027178","0.00359211"
"1","0.00595176","0.00737349","-0.0294382"
"1","0.0159065","-0.00299338","-0.0294019"
"1","0.00697212","-0.0187257","-0.00352482"
"1","0.000326718","-0.000293571","-0.00567869"
"1","-0.0165469","-0.00507639","0.0213142"
"1","-0.0142604","-0.0168561","0.127187"
"1","0.000613963","-0.0014309","-0.0658681"
"1","0.0188821","-0.00491805","-0.0500531"
"1","0.00918879","0.00409342","-0.00412283"
"1","0.00150117","0.0276234","0.011974"
"1","-0.00522712","0.00353703","-0.0185354"
"1","-0.019722","-0.0105641","0.0333182"
"1","-0.00804429","-0.00582299","0.0294222"
"1","0.00629404","0.00603881","0.0110996"
"1","0.0145303","-0.0119357","-0.0590012"
"1","0.0054421","-0.0188365","-0.000280209"
"1","-0.000317766","0.00802109","-0.00587339"
"1","-0.013799","0.00743413","0.0133403"
"1","-0.016084","-0.0188551","0.0407727"
"1","-0.000651468","0.00589626","-0.00171392"
"1","0.0114801","0.0206652","-0.0364047"
"1","0.0135304","-0.0199986","-0.0229753"
"1","0.00269258","0.0397653","0.00704908"
"1","-0.0086107","-0.0270718","-0.00135455"
"1","-0.0175315","0.00615082","0.0328684"
"1","-0.00773617","-0.00881559","0.0250862"
"1","0.00700664","-0.0111726","-0.0325018"
"1","0.0176427","0.00795637","-0.026988"
"1","0.0054543","0.0129843","-0.00469001"
"1","-0.00238385","-0.0231626","-0.000892534"
"1","-0.0175798","0.0020104","0.0458259"
"1","-0.00948574","0.0226981","0.0709582"
"1","0.00135957","0.00204685","-0.0151227"
"1","0.0122287","-0.0231085","-0.0762146"
"1","0.0100727","0.015754","-0.0180203"
"1","0.00284214","0.0149867","0.0127152"
"1","-0.00759218","-0.0236099","-0.0137879"
"1","-0.0198754","-0.00587909","0.0257713"
"1","-0.00817561","-0.00886269","0.0589433"
"1","0.00614556","-0.0286689","-0.0522564"
"1","0.0117695","-0.0232404","-0.0294851"
"1","0.00619488","0.0495405","-0.00448886"
"1","-0.00108133","-0.0287174","-0.00113468"
"1","-0.00845474","0.0144281","0.00189005"
"1","-0.0128336","0.0382334","0.0693182"
"1","-0.00250039","0.0235458","-0.059013"
"1","0.0154427","-0.0634293","0.0118914"
"1","0.00286751","-0.0284187","-0.0834014"
"1","0.00403218","-0.0365295","-0.0164103"
"1","0.00419849","0.0221231","-0.333036"
"1","0.000147117","-0.00369396","0.151235"
"1","-0.0021064","-0.0179519","0.193803"
"1","-0.00670104","0.0148115","0.00232569"
"1","-0.00258524","-0.0272545","0.0033919"
"1","-0.0142959","0.00220563","0.0182832"
"1","-0.00122079","-0.0249058","0.00312511"
"1","0.00610824","0.00420373","-0.0126122"
"1","0.0107982","0.0394187","-0.0126652"
"1","0.00218401","0.00288837","0.00558856"
"1","-0.00395217","-0.00580024","-0.00237931"
"1","-0.0163056","-0.0426193","0.0166699"
"1","-0.0107255","-0.00133757","0.0399627"
"1","0.00451362","0.010007","-0.0273195"
"1","0.0127921","0.00142119","-0.0259509"
"1","0.0054197","0.021581","-0.0059211"
"1","-0.000342254","0.0177293","0.00733503"
"1","-0.00409589","-0.0201508","-0.00720195"
"1","-0.0133797","-0.0580535","0.0789297"
"1","-0.00994291","0.0170782","0.0336083"
"1","0.00118219","0.00409679","-0.0771499"
"1","0.016268","0.0386897","-0.0372104"
"1","0.00564229","0.0332318","-0.00526429"
"1","-0.000111651","0.00387548","0.00175729"
"1","0.000132881","0.0138468","-0.00171144"
"1","-0.00113321","-0.000937134","-0.000880108"
"1","-0.00125893","-0.000774181","-0.00104456"
"1","-0.00129514","-0.00143803","-0.000704377"
"1","-0.000903924","-0.00060725","-0.000949551"
"1","-0.000352846","-0.000612303","-0.000536728"
